{
    "train_losses": [
        0.014088862387471384,
        0.013611186058611557,
        0.013489819493457407,
        0.013367906709600388,
        0.013358308065942317,
        0.013221415428770658,
        0.013236283801580817,
        0.013148998707840243,
        0.01323732175330392,
        0.013035166220392396,
        0.013051817165806912,
        0.013274716671720524,
        0.01329011674625943,
        0.01320730077942693,
        0.013331589096916003
    ],
    "valid_losses": [
        0.013883632902480385,
        0.013749617034027092,
        0.013333097017735617,
        0.013317877285276782,
        0.013304918945495844,
        0.013244434672443173,
        0.013157358345917507,
        0.013091403990983965,
        0.01312245796375637,
        0.012971659450308431,
        0.01277104601311155,
        0.013863168008436884,
        0.013112222198161142,
        0.013056840877272661,
        0.013065702387992336
    ],
    "train_accs": [
        0.565511646514936,
        0.6284228307254619,
        0.6443923364153625,
        0.6597839615931727,
        0.6614953769559031,
        0.6792318634423896,
        0.6773315256045516,
        0.688477951635846,
        0.6773204125177807,
        0.7030360953058321,
        0.7011468705547648,
        0.6726306899004263,
        0.6706636735419631,
        0.6812766714082494,
        0.6653293918918917
    ],
    "valid_accs": [
        0.5938686713387693,
        0.611056170886076,
        0.6644185125073299,
        0.6667325949367087,
        0.6677412979210479,
        0.6763647153407708,
        0.6873615504820134,
        0.6958860762511627,
        0.6919897153407709,
        0.7110759495179862,
        0.7371439873417723,
        0.5973496836952017,
        0.6935324367088608,
        0.7006922469863409,
        0.6995253163047982
    ],
    "test_loss": 0.013530000129289796,
    "test_acc": 0.6400310679485921
}